"","ODS_Code","Role","Name","geo_match","LAT","LON"
"1","TAH83","CARE TRUST SITE","TANNERY LODGE","PostCode",53.3587504447295,-1.37609470727428
"2","TAF77","CARE TRUST SITE","ROYAL FREE GROVE CENTRE","PostCode",51.5528054816518,-0.163421822370083
"3","TAHCK","CARE TRUST SITE","COALBROOK HOUSE","PostCode",53.3665886610828,-1.35745041721563
"4","TAJ43","CARE TRUST SITE","SANDWELL DISTRICT GENERAL HOSPITAL","UPRN",52.5280934,-1.9888611
"5","TAH29","CARE TRUST SITE","DEPT OF CLINICAL PSYCHOLOGY","PostCode",53.3813612124087,-1.48852988706367
"6","TAD57","CARE TRUST SITE","48 ASH GROVE","PostCode",53.7887148018795,-1.76201047967096
"7","TAD45","CARE TRUST SITE","FISHER MEDICAL CENTRE (DR FISK)","PostCode",53.9616677655847,-2.02140821245355
"8","TAF82","CARE TRUST SITE","COLLINGWOOD BUSINESS CENTRE","PostCode",51.5582427163602,-0.12907027133838
"9","TAH68","CARE TRUST SITE","NORWOOD MEDICAL CENTRE","UPRN",53.4131016,-1.4698639
"10","TAD27","CARE TRUST SITE","PARK VIEW","PostCode",53.87190279208,-1.910765320065
"11","TAH31","CARE TRUST SITE","DEPT OF PSYCHIATRY - BASSETLAW DGH","PostCode",53.3165523027593,-1.11028368001277
"12","TAF17","CARE TRUST SITE","BELSIZE SQUARE","UPRN",51.5465772,-0.1690847
"13","G6T2Q","CARE TRUST SITE","ADHD360","UPRN",53.2700045,-0.4961425
"14","TAD85","CARE TRUST SITE","GENESIS 5","PostCode",53.9480625115484,-1.04514166358714
"15","TAJCA","CARE TRUST SITE","CAMHS TEAM A","PostCode",52.5133927044606,-1.9858104742332
"16","TAH15","CARE TRUST SITE","BELGRAVE MEDICAL CENTRE","UPRN",53.3666103,-1.4718073
"17","TAHYN","CARE TRUST SITE","PITSMOOR DAY CENTRE","UPRN",53.3977389,-1.4676785
"18","A6E0Y","CARE TRUST SITE","TRAUMATIC STRESS CLINIC","UPRN",51.5201435,-0.1366819
"19","A3T8T","CARE TRUST SITE","AOT CAMDEN","UPRN",51.5389055,-0.1415616
"20","TAHEA","CARE TRUST SITE","LOVE STREET","PostCode",53.3863227509235,-1.46790242063047
"21","T5U5B","CARE TRUST SITE","HOME TREATMENT TEAM BFD","UPRN",53.8097426,-1.8053573
"22","TAHDR","CARE TRUST SITE","BRUNSWICK HOUSE","PostCode",53.379847453772,-1.48767611307038
"23","TAHCH","CARE TRUST SITE","1A STOCKARTH LANE","PostCode",53.4222984175093,-1.52403326531006
"24","TAD97","CARE TRUST SITE","OLD PARK ROAD","PostCode",53.8312399970375,-1.71781395818113
"25","TAH13","CARE TRUST SITE","BEECH HILL","PostCode",53.3711463031073,-1.46110262940411
"26","TAJJA","CARE TRUST SITE","KIDDERMINSTER POLICE STATION","PostCode",52.38917534416,-2.24958990819338
"27","C6L5V","CARE TRUST SITE","BCHFT AAA SERVICE","PostCode",52.508418719553,-2.08449767328775
"28","TAF70","CARE TRUST SITE","EARLY INTERVENTION SERVICE","PostCode",51.5374868434317,-0.142005272945338
"29","TAH37","CARE TRUST SITE","DUKE MEDICAL CENTRE","UPRN",53.3786052,-1.4556403
"30","TAH70","CARE TRUST SITE","ORGREAVE ROAD","UPRN",53.3727641,-1.3703041
"31","TAD96","CARE TRUST SITE","WEAVER COURT","UPRN",53.8339134,-1.7316429
"32","TAH82","CARE TRUST SITE","STOCKSBRIDGE MEDICAL CENTRE","PostCode",53.4823155009064,-1.59490965498358
"33","TAH19","CARE TRUST SITE","BRINCLIFFE HOUSE","PostCode",53.3631707140674,-1.499762392933
"34","TADA8","CARE TRUST SITE","HAWORTH RD HEALTH CENTRE (SCHOOL NURSING)","PostCode",53.8164173740382,-1.80813300224065
"35","TAH53","CARE TRUST SITE","INCLUSION SUPPORT CENTRE","PostCode",53.4254394406588,-1.49224504453665
"36","TAH03","CARE TRUST SITE","WILKINSON STREET","UPRN",53.3795402,-1.4836243
"37","TAHYL","CARE TRUST SITE","MONCRIEFFE DAY SERVICE","UPRN",53.3607127,-1.4857447
"38","TADC6","CARE TRUST SITE","SAFE HAVEN","PostCode",53.7972719372836,-1.75780234275189
"39","TAD41","CARE TRUST SITE","BRIDGE HOUSE","PostCode",53.8523110192861,-1.84241559420254
"40","TAJ58","CARE TRUST SITE","QUAYSIDE HOUSE","PostCode",52.5022081201174,-2.02121384785229
"41","TADA5","CARE TRUST SITE","THE RIDGE (SCHOOL NURSING)","PostCode",53.7808933422583,-1.77985571726279
"42","TAH02","CARE TRUST SITE","WESTFIELD HEALTH CENTRE","PostCode",53.3309106703363,-1.34888693141669
"43","TAJ67","CARE TRUST SITE","LADIES WALK HEALTH CENTRE","PostCode",52.5392477516561,-2.12246365111458
"44","TAD71","CARE TRUST SITE","CRAVEN AREA CMHT FOR OLDER PEOPLE","PostCode",54.0695432137769,-2.29220756551312
"45","TAJW2","CARE TRUST SITE","WALSALL LD TEAM 2","PostCode",52.5765589963683,-1.93963236587384
"46","TAH55","CARE TRUST SITE","KERSAL MOUNT NURSING HOME","UPRN",53.3764847,-1.510534
"47","TAD21","CARE TRUST SITE","BRYAN-SUTHERLAND HOUSE","PostCode",53.7689105910837,-1.81044302001456
"48","TAHCG","CARE TRUST SITE","THE YEWS","PostCode",53.4223646650251,-1.53631152233181
"49","TAH52","CARE TRUST SITE","HURLFIELD VIEW","UPRN",53.3563788,-1.4329571
"50","TAHYM","CARE TRUST SITE","NORFOLK HOUSE","PostCode",53.3814931429825,-1.46730113187449
"51","TAF78","CARE TRUST SITE","CARE TRUST MENTAL HEALTH SERVICES","PostCode",51.5248884998577,-0.136910434215334
"52","TAF38","CARE TRUST SITE","HENLEY ROAD DAY CENTRE","PostCode",51.5700399925446,-0.116652318166995
"53","A0Q6F","CARE TRUST SITE","OLD AGE PSYCHIATRY (CT1)","UPRN",53.8041986,-1.7658288
"54","TADA3","CARE TRUST SITE","AIREDALE FRESH START","PostCode",53.8663302430223,-1.91065549269947
"55","TAF06","CARE TRUST SITE","ROYAL FREE HOSPITAL","UPRN",51.5532266,-0.165298
"56","A0K5J","CARE TRUST SITE","CAMHS HILLBROOK 1","UPRN",53.8719558,-1.9116048
"57","TAH40","CARE TRUST SITE","FIRTH PARK CLINIC","PostCode",53.4193805271348,-1.44753798322082
"58","TAF59","CARE TRUST SITE","QUEEN MARY'S HOUSE","UPRN",51.5607629,-0.1786141
"59","TAF41","CARE TRUST SITE","HIGHVIEW & CORNWALLIS COMMUNITY SUPPORT PROJECTS","UPRN",51.5722129,-0.1273454
"60","TAJ62","CARE TRUST SITE","CROSS STREET HEALTH CENTRE","UPRN",52.5102465,-2.0892199
"61","X4Z0Y","CARE TRUST SITE","MESTY CROFT CLINIC","PostCode",52.5539646547487,-2.0062247848899
"62","TAF42","CARE TRUST SITE","R&R TEAM (NORTH CAMDEN)","UPRN",51.5521096,-0.1720936
"63","TAD10","CARE TRUST SITE","ABELIA MOUNT","PostCode",53.7919602338616,-1.7966624171416
"64","A0L8X","CARE TRUST SITE","DOROTHY PATTISON LD 2","UPRN",52.5821479,-2.0024308
"65","TAJ10","CARE TRUST SITE","ROWLEY REGIS HOSPITAL","UPRN",52.4807122,-2.0520745
"66","TAF66","CARE TRUST SITE","TOTTENHAM MEWS RESOURCE CENTRE","PostCode",51.5202833696944,-0.137415494527253
"67","TAD44","CARE TRUST SITE","FISHER MEDICAL CENTRE (PSYCHOLOGY)","PostCode",53.9616677655847,-2.02140821245355
"68","TAD09","CARE TRUST SITE","GREYFRIARS WALK","PostCode",53.7772617306473,-1.80014760145985
"69","TAF33","CARE TRUST SITE","ELTHORNE MENTAL HEALTH & SOCIAL CARE CENTRE","PostCode",51.5715474891172,-0.125998708645664
"70","TAH12","CARE TRUST SITE","ARBOURTHORNE","PostCode",53.3577798268778,-1.44534459616702
"71","TADC1","CARE TRUST SITE","KEIGHLEY HEALTH CENTRE (SCHOOL NURSING)","PostCode",53.8638254067069,-1.91447742164615
"72","TAH76","CARE TRUST SITE","SEVENFIELDS RESOURCE CENTRE","UPRN",53.4079057,-1.5195373
"73","B6I4R","CARE TRUST SITE","ADULT TEAM H","PostCode",52.5278125695585,-1.9864397377031
"74","TAF96","CARE TRUST SITE","DATA CENTRE 1","PostCode",51.5284702667275,-0.100635498085057
"75","TAJCC","CARE TRUST SITE","CAMHS TEAM C","PostCode",52.5133927044606,-1.9858104742332
"76","TAH26","CARE TRUST SITE","CLINICAL NEUROPSYCHOLOGY SERVICE","PostCode",53.3800672620901,-1.49284479352356
"77","TAD88","CARE TRUST SITE","ABBEYFIELD","UPRN",53.9234427,-1.825329
"78","D1O2V","CARE TRUST SITE","CAMDEN KENTISH TOWN CORE TEAM","PostCode",51.5508343849686,-0.146726218697778
"79","A3T5V","CARE TRUST SITE","CAMDEN COMMUNITY REHAB","UPRN",51.5389055,-0.1415616
"80","TAH60","CARE TRUST SITE","MANOR PARK MEDICAL CENTRE","UPRN",53.3755377,-1.4277178
"81","A0Q6W","CARE TRUST SITE","LMH BRADFORD CARE TRUST","UPRN",53.8097426,-1.8053573
"82","TAD18","CARE TRUST SITE","ODSAL HEALTH CENTRE/ THE ELMS","PostCode",53.7652420661387,-1.76400899698507
"83","TAH79","CARE TRUST SITE","ST JOSEPHS ROAD","PostCode",53.373657583095,-1.38724019844524
"84","TAH85","CARE TRUST SITE","THORNLEA","PostCode",53.416653854574,-1.5107506511178
"85","TAJ68","CARE TRUST SITE","LOWER GORNAL HEALTH CENTRE","UPRN",52.5161773,-2.1323259
"86","TAF36","CARE TRUST SITE","FORDWYCH ROAD DAY HOSPITAL","PostCode",51.5504125672181,-0.204611339190688
"87","TAJ91","CARE TRUST SITE","TRAFALGAR HOUSE","UPRN",52.5084361,-2.0844924
"88","TAF50","CARE TRUST SITE","CAMDEN LD SERVICE","PostCode",51.5374868434317,-0.142005272945338
"89","TAJ64","CARE TRUST SITE","HALESOWEN HEALTH CENTRE","UPRN",52.4482321,-2.0492105
"90","TAH95","CARE TRUST SITE","WOODLAND VIEW NURSING HOME","UPRN",53.3374079,-1.4397992
"91","A5C1E","CARE TRUST SITE","NORTH RECOVERY TEAM","UPRN",53.4199685,-1.4799869
"92","TAD70","CARE TRUST SITE","BINGLEY CMHT FOR OLDER PEOPLE","PostCode",53.8301231862862,-1.83158987232528
"93","TAH43","CARE TRUST SITE","GREENACRES","UPRN",53.4718659,-1.4986277
"94","TAF10","CARE TRUST SITE","ABERDEEN PARK (RESIDENTIAL SERVICES)","PostCode",51.5519482044522,-0.0938879719444232
"95","TAD82","CARE TRUST SITE","HOLYBROOK CENTRE","PostCode",53.8263491638903,-1.70968864438311
"96","TAH77","CARE TRUST SITE","SHARROW SURE START","PostCode",53.3676917771232,-1.4786845293475
"97","A0K7C","CARE TRUST SITE","HOME TREATMENT TEAM ACMH","UPRN",53.8979547,-1.9627281
"98","TAHYT","CARE TRUST SITE","MIDDLEWOOD ROAD","PostCode",53.4123169714479,-1.50532428498831
"99","TAHYR","CARE TRUST SITE","WAINWRIGHT CRESCENT","UPRN",53.3674683,-1.4088943
"100","A4R3M","CARE TRUST SITE","PHARMACY ES","UPRN",53.3614289,-1.4975963
"101","TAHCP","CARE TRUST SITE","BARNSLEY ROAD","UPRN",53.4092508,-1.4517063
"102","TAH16","CARE TRUST SITE","67 BIRCH AVENUE","PostCode",53.4596702670182,-1.4720166710809
"103","TAD65","CARE TRUST SITE","LISTONSHIELS","UPRN",53.7609797,-1.7333052
"104","A4P7W","CARE TRUST SITE","H A S T","UPRN",53.3751986,-1.4836415
"105","TAJW3","CARE TRUST SITE","WALSALL LD TEAM 3","PostCode",52.5765589963683,-1.93963236587384
"106","TAJM2","CARE TRUST SITE","EARLY INTERVENTION NMP1","PostCode",52.5733126664678,-2.12013886041786
"107","M0Y5M","CARE TRUST SITE","PINFOLD HEALTH CENTRE","UPRN",52.6131921,-2.0007975
"108","TAJ77","CARE TRUST SITE","BLAKENHALL RESOURCE CENTRE","PostCode",52.5701486871629,-2.12827455934798
"109","TAH27","CARE TRUST SITE","DENTAL CLINC - NORFOLK PARK SCHOOL","PostCode",53.3702090781379,-1.45660561726306
"110","E5L1I","CARE TRUST SITE","ADULT MH CONSULTANT 2","UPRN",52.5586843,-2.1591815
"111","TAD36","CARE TRUST SITE","MELVILLE HOUSE","PostCode",53.7943852568429,-1.77075275433016
"112","TAHCN","CARE TRUST SITE","BEIGHTON HOSPITAL","PostCode",53.3443425331779,-1.34935832130491
"113","A0Q5L","CARE TRUST SITE","OLD AGE PSYCHIATRY (NT1)","UPRN",53.8041986,-1.7658288
"114","L6U7X","CARE TRUST SITE","ADULT LIAISON BFD","UPRN",53.8059949,-1.7946998
"115","TAJ87","CARE TRUST SITE","BROADWAY NORTH CENTRE","PostCode",52.5814673613141,-1.96101010464664
"116","A4U0L","CARE TRUST SITE","CAMHS HILLBROOK (3)","PostCode",53.8728399383849,-1.91407886656474
"117","TAF05","CARE TRUST SITE","SAMH HOME TREATMENT TEAM","PostCode",51.5651266972297,-0.135583509196199
"118","TAD61","CARE TRUST SITE","UNIT E3 & E4 ENTERPRISE WAY","PostCode",53.8258424741712,-1.73141656260716
"119","TAJ45","CARE TRUST SITE","OLDBURY HEALTH CENTRE","PostCode",52.511892194512,-1.99787871418454
"120","G0R8Z","CARE TRUST SITE","LD CONSULTANT 2","PostCode",52.5738612837548,-2.1199042746794
"121","X7K4K","CARE TRUST SITE","VACCINATION & IMMUNISATION SERVICE","UPRN",53.8060984,-1.7328678
"122","TAD94","CARE TRUST SITE","REEVY ROAD","UPRN",53.763841,-1.7997135
"123","TAH38","CARE TRUST SITE","ECCLESFIELD CARE CENTRE","PostCode",53.4410062829578,-1.45517625467636
"124","A7F8T","CARE TRUST SITE","DOROTHY PATTISON 8","UPRN",52.5821479,-2.0024308
"125","TAHYK","CARE TRUST SITE","LYTTON ROAD","PostCode",53.4247475288291,-1.48390127905968
"126","TAF95","CARE TRUST SITE","GLOBAL SWITCH HOUSE","UPRN",51.5109423,-0.003448
"127","TAH58","CARE TRUST SITE","MANOR CLINIC","UPRN",53.359934,-1.4292376
"128","TAJMA","CARE TRUST SITE","EATING DISORDERS TEAM A","PostCode",52.5192893681131,-2.01877579612309
"129","TAH49","CARE TRUST SITE","HEELEY DENTAL CLINIC","UPRN",53.3637499,-1.4729615
"130","TAHJF","CARE TRUST SITE","ST GEORGE'S COMMUNITY BASE","PostCode",53.3842208193204,-1.48881135567399
"131","A3Y0E","CARE TRUST SITE","CRSOP","UPRN",51.5438652,-0.135057
"132","TAH34","CARE TRUST SITE","DEPT OF PSYCHIATRY - ROTHERAM DGH","PostCode",53.4139699293737,-1.34288036186771
"133","TAJAA","CARE TRUST SITE","ADULT TEAM A","PostCode",52.5278125695585,-1.9864397377031
"134","TAH30","CARE TRUST SITE","DEPT OF PSYCHIATRY - BARNSLEY DGH","PostCode",53.559129259123,-1.49949290567074
"135","TAJCD","CARE TRUST SITE","CAMHS TEAM D","PostCode",52.5133927044606,-1.9858104742332
"136","TAH89","CARE TRUST SITE","WATHWOOD HOSPITAL","UPRN",53.4885885,-1.3450045
"137","TAF65","CARE TRUST SITE","STACEY STREET NURSING HOME","UPRN",51.5588761,-0.1093549
"138","TAH46","CARE TRUST SITE","HACKENTHORPE MEDICAL CENTRE","UPRN",53.3460845,-1.3753804
"139","A3T7A","CARE TRUST SITE","FOCUS TEAM (C&I)","UPRN",51.5389055,-0.1415616
"140","TAJ44","CARE TRUST SITE","SANDWELL TALKING THERAPIES","PostCode",52.492630335649,-2.03567239015821
"141","A4B8G","CARE TRUST SITE","LOW SECURE (LS2)","UPRN",53.8097426,-1.8053573
"142","TAH18","CARE TRUST SITE","BRAESIDE","UPRN",53.4068935,-1.4357187
"143","A0N9A","CARE TRUST SITE","COMM MENTAL HEALTH (CTY2)","UPRN",53.7851755,-1.7727942
"144","TAF79","CARE TRUST SITE","KINGS CROSS ROAD","PostCode",51.530729057793,-0.119716915887745
"145","TAJ59","CARE TRUST SITE","BRIERLEY HILL HEALTH AND SOCIAL CARE CENTRE","UPRN",52.4823817,-2.1172781
"146","TAHYW","CARE TRUST SITE","FITZWILLIAM STREET","PostCode",53.3772132521761,-1.47718538214475
"147","TAH97","CARE TRUST SITE","WOOLLEY WOOD SCHOOL","PostCode",53.4299891905738,-1.43834007077283
"148","A3X9A","CARE TRUST SITE","CAMDEN ALCOHOL SERVICE","UPRN",51.5398448,-0.1440901
"149","TAHYH","CARE TRUST SITE","LIGHTWOOD HOUSE","PostCode",53.3329952652821,-1.43521460839206
"150","TAHXR","CARE TRUST SITE","NORTHLANDS COMMUNITY HEALTH CENTRE","UPRN",53.4199685,-1.4799869
"151","TAJ86","CARE TRUST SITE","BLAKENALL VILLAGE CENTRE","UPRN",52.614688,-1.9867004
"152","A3J9P","CARE TRUST SITE","IDASS","UPRN",51.5609394,-0.1235956
"153","TAD28","CARE TRUST SITE","SKIPTON ROAD","PostCode",53.871470810054,-1.91000581776357
"154","TAH45","CARE TRUST SITE","GUERNSEY HOUSE","PostCode",53.363488272198,-1.4712373034345
"155","TAF76","CARE TRUST SITE","SHAFTESBURY ROAD (RESIDENTIAL SERVICES)","UPRN",51.5708434,-0.1215574
"156","TADC8","CARE TRUST SITE","AWC COMPLEX CARE TEAM","PostCode",53.8979408236007,-1.96272510357201
"157","TAH17","CARE TRUST SITE","BOLE HILL RESIDENTIAL HOME","UPRN",53.3902669,-1.505275
"158","A8F7Y","CARE TRUST SITE","MIDLAND METROPOLITAN UNIVERSITY HOSPITAL","UPRN",52.4912617,-1.9498403
"159","A4R9A","CARE TRUST SITE","CERT","UPRN",53.3614289,-1.4975963
"160","TAJNA","CARE TRUST SITE","EARLY INTERVENTION NMP1","PostCode",52.5188593328605,-1.99624260372975
"161","TAD86","CARE TRUST SITE","REDHILLS","PostCode",54.6495744532931,-2.77100458110387
"162","A4T2N","CARE TRUST SITE","SOUTH EAST CMHT","UPRN",53.3729868,-1.466114
"163","TAHYF","CARE TRUST SITE","HANOVER MEDICAL CENTRE","UPRN",53.3751986,-1.4836415
"164","TAJW1","CARE TRUST SITE","WALSALL LD TEAM 1","PostCode",52.5765589963683,-1.93963236587384
"165","TAJM9","CARE TRUST SITE","EI WOLVERHAMPTON NMP2","PostCode",52.5733126664678,-2.12013886041786
"166","TAH96","CARE TRUST SITE","WOODSEATS MEDICAL CENTRE","PostCode",53.3397193988293,-1.47675773021679
"167","TAF11","CARE TRUST SITE","ISATS","UPRN",51.5300241,-0.1208882
"168","Q2L7A","CARE TRUST SITE","INTEGRATED OUTREACH (IOT1)","PostCode",53.7938849965504,-1.77236459429011
"169","G7F6M","CARE TRUST SITE","MEMORY CLINIC NMP1","UPRN",52.5586843,-2.1591815
"170","TADA9","CARE TRUST SITE","BARKEREND HEALTH CENTRE (SCHOOL NURSING)","PostCode",53.7978321676542,-1.7218486896734
"171","TADC4","CARE TRUST SITE","CULTURE FUSION","PostCode",53.7929704037549,-1.759648696958
"172","F1N4B","CARE TRUST SITE","OLD AGE PSYCHIATRY (NT2)","UPRN",53.8041986,-1.7658288
"173","H7V0L","CARE TRUST SITE","OLDER PEOPLES PSYCH LIAISON BFD","UPRN",53.8059949,-1.7946998
"174","TAHGR","CARE TRUST SITE","IVY LODGE CLINIC","UPRN",53.3984242,-1.4675501
"175","TAD33","CARE TRUST SITE","CAMHS HILLBROOK 2","UPRN",53.8719558,-1.9116048
"176","TAF80","CARE TRUST SITE","HILL HOUSE","PostCode",51.5651266972297,-0.135583509196199
"177","TAH22","CARE TRUST SITE","CENTENARY HOUSE","PostCode",53.3895851133071,-1.4841761031939
"178","TAD99","CARE TRUST SITE","11 MOORCROFT DRIVE","PostCode",53.7660863693114,-1.70303476429712
"179","O1N0P","CARE TRUST SITE","EARLY INTERVENTION MEDICS","PostCode",52.5738612837548,-2.1199042746794
"180","TAJ88","CARE TRUST SITE","KINGSHILL DAY CENTRE","UPRN",52.564197,-2.0287345
"181","TAJ46","CARE TRUST SITE","CITY HOSPITAL","PostCode",52.4886251597096,-1.93250662597107
"182","G1R4E","CARE TRUST SITE","DOROTHY PATTISON CRHT 2","UPRN",52.5821479,-2.0024308
"183","TAF35","CARE TRUST SITE","FOCUS TEAM","PostCode",51.5311436136627,-0.120334214665604
"184","TAF12","CARE TRUST SITE","R&R TEAM (NORTH ISLINGTON)","PostCode",51.5500490474308,-0.111016220647084
"185","TAJ71","CARE TRUST SITE","RUSSELLS HALL HOSPITAL","UPRN",52.5019097,-2.1176866
"186","TAJNJ","CARE TRUST SITE","ADHD CLINIC NMP1","UPRN",52.5191275,-2.0168097
"187","A0Q1E","CARE TRUST SITE","LEARNING DISABILITIES 1","UPRN",53.8077321,-1.7618763
"188","A4W3W","CARE TRUST SITE","SPECIALIST PSYCHOTHERAPY","PostCode",53.3842208193204,-1.48881135567399
"189","TAF21","CARE TRUST SITE","CAMDEN MEWS DAY HOSPITAL","PostCode",51.544115459221,-0.134711857425308
"190","TAD12","CARE TRUST SITE","COOPER LANE OFFICES","UPRN",53.7689276,-1.8104457
"191","TAJEG","CARE TRUST SITE","FRIAR ON CALL","PostCode",52.5278125695585,-1.9864397377031
"192","TAD90","CARE TRUST SITE","IAN CLOUGH HALL","PostCode",53.8530358294682,-1.76368316894209
"193","TAD75","CARE TRUST SITE","SHIPLEY HOSPITAL (OLD AGE PSYCHIATRY CLINIC)","UPRN",53.8334476,-1.7862842
"194","TAJ66","CARE TRUST SITE","KINGSWINFORD HEALTH CENTRE","UPRN",52.4984623,-2.1611491
"195","TAH98","CARE TRUST SITE","WYBOURN SCHOOL","PostCode",53.3793903938452,-1.44377114366987
"196","A3T7E","CARE TRUST SITE","EARLY INTERVENTION (C&I)","UPRN",51.5389055,-0.1415616
"197","A3J5J","CARE TRUST SITE","ISLINGTON L D PARTNERSHIP","PostCode",51.5524948201342,-0.104871033400154
"198","TAD17","CARE TRUST SITE","LYNFIELD MOUNT HOSPITAL","UPRN",53.8097426,-1.8053573
"199","TAD59","CARE TRUST SITE","CEMETERY ROAD","PostCode",53.7979754056168,-1.79270127210001
"200","A0N9R","CARE TRUST SITE","COMM MENTAL HEALTH (CTY1)","UPRN",53.7851755,-1.7727942
"201","TAF88","CARE TRUST SITE","CAMDEN IAPT","PostCode",51.530729057793,-0.119716915887745
"202","P8M6Z","CARE TRUST SITE","SHSC HQ CENTRE COURT","PostCode",53.3981832141639,-1.44322544297912
"203","TAH91","CARE TRUST SITE","WEST COURT","PostCode",53.4017321199527,-1.49761088190567
"204","TAF44","CARE TRUST SITE","HUNTER STREET HEALTH CENTRE","UPRN",51.5256731,-0.1232298
"205","TAF74","CARE TRUST SITE","CAMDEN ALCOHOL SERVICE","PostCode",51.5398403068544,-0.144115749624809
"206","TAH66","CARE TRUST SITE","NORFOLK PARK HEALTH CENTRE","PostCode",53.3679818033688,-1.45505593617767
"207","A3X5M","CARE TRUST SITE","MARGARETE CENTRE SCDS","UPRN",51.5282132,-0.1383412
"208","TAJ84","CARE TRUST SITE","ANCHOR MEADOW","UPRN",52.6025292,-1.9211906
"209","A9R4W","CARE TRUST SITE","ISLINGTON C1 & 2 CORE TEAM","UPRN",51.5609394,-0.1235956
"210","TAJ57","CARE TRUST SITE","CARERS TEAM","PostCode",52.4816500770397,-1.99941135162302
"211","TAH54","CARE TRUST SITE","JORDANTHORPE HEALTH CENTRE","PostCode",53.3225976208119,-1.46500197025818
"212","TAH35","CARE TRUST SITE","DON VALLEY HOUSE","PostCode",53.3943337556704,-1.44659904880384
"213","H1F0A","CARE TRUST SITE","ADULT PSYCH LIAISON AIRE","PostCode",53.8979408236007,-1.96272510357201
"214","TAH80","CARE TRUST SITE","STANNINGTON HEALTH CENTRE","PostCode",53.3932358701162,-1.54655274516284
"215","TAJ97","CARE TRUST SITE","HOLLY HALL CLINIC","PostCode",52.5014865350539,-2.10774503588559
"216","A4R7M","CARE TRUST SITE","SAANS","UPRN",53.3614289,-1.4975963
"217","TAJNE","CARE TRUST SITE","EARLY INTERVENTION NMP2","PostCode",52.5188593328605,-1.99624260372975
"218","TAH92","CARE TRUST SITE","MARGETSON SURGERY","UPRN",53.4319315,-1.4778203
"219","A4T6W","CARE TRUST SITE","OLDER ADULTS HT TEAM","UPRN",53.3729868,-1.466114
"220","TAH41","CARE TRUST SITE","FLOCKTON HOUSE","PostCode",53.3610945977091,-1.4934306052108
"221","TAJ55","CARE TRUST SITE","DAISY BANK RESIDENTIAL","PostCode",52.5765589963683,-1.93963236587384
"222","TAJM1","CARE TRUST SITE","EARLY INTERVENTION MEDICS","PostCode",52.5733126664678,-2.12013886041786
"223","TAD54","CARE TRUST SITE","THE AIREDALE CENTRE FOR MENTAL HEALTH","UPRN",53.8966276,-1.9649513
"224","A6G8G","CARE TRUST SITE","IDASS SOUTH","UPRN",51.5300241,-0.1208882
"225","TAD55","CARE TRUST SITE","1/3 LEGRAMS TERRACE","PostCode",53.7938849965504,-1.77236459429011
"226","B5B1Z","CARE TRUST SITE","ADULT MH CONSULTANT 5","UPRN",52.5586843,-2.1591815
"227","TAHYA","CARE TRUST SITE","CASTLE MARKET BUILDING","PostCode",53.3847566071718,-1.46341156775607
"228","A3K1P","CARE TRUST SITE","CGL ISLINGTON","PostCode",51.5608320836814,-0.114435887463698
"229","TAH62","CARE TRUST SITE","MELROSE ROAD","UPRN",53.3966084,-1.4631681
"230","TAF61","CARE TRUST SITE","RAGLAN DAY CENTRE","UPRN",51.5479252,-0.1421314
"231","TAJ54","CARE TRUST SITE","RIDGE HILL HOSPITAL","PostCode",52.4834063077175,-2.15713340565334
"232","TAD02","CARE TRUST SITE","AIREDALE CHILD & FAMILY SERVICE","PostCode",53.8728399383849,-1.91407886656474
"233","TAH65","CARE TRUST SITE","NEWFIELD GREEN CLINIC","UPRN",53.3558569,-1.4488524
"234","TAJ90","CARE TRUST SITE","WOODSIDE DAY CENTRE","PostCode",52.4963633675836,-2.106539386961
"235","A4C1D","CARE TRUST SITE","KENTISH TOWN CORETEAM","PostCode",51.5507563193539,-0.145200459376369
"236","N7A2F","CARE TRUST SITE","LD CONSULTANT 1","UPRN",52.5743267,-2.121478
"237","TAD67","CARE TRUST SITE","SOUTH AND WEST CMHT FOR OLDER PEOPLE","PostCode",53.7623108133204,-1.78242534067088
"238","TAJ96","CARE TRUST SITE","HILL HOUSE","UPRN",52.465847,-2.1505292
"239","J2J0L","CARE TRUST SITE","DOROTHY PATTISON LD 3","UPRN",52.5821479,-2.0024308
"240","A0M6M","CARE TRUST SITE","COMM MENTAL HEALTH (S&W3)","PostCode",53.7937482456237,-1.77134825489419
"241","TAJ93","CARE TRUST SITE","THE ELMS HEALTH CENTRE","UPRN",52.4607408,-2.0890951
"242","TAH74","CARE TRUST SITE","RYEGATE CENTRE","PostCode",53.3782184458988,-1.51077014664221
"243","TAJNK","CARE TRUST SITE","ADHD CLINIC NMP2","UPRN",52.5191275,-2.0168097
"244","B8X0F","CARE TRUST SITE","LEARNING DISABILITIES (LD3)","UPRN",53.8077321,-1.7618763
"245","A4W3N","CARE TRUST SITE","EATING DISORDERS SERVICE","PostCode",53.3842208193204,-1.48881135567399
"246","G8P2E","CARE TRUST SITE","CAMHS TEAM A","UPRN",52.5192186,-1.9996851
"247","TAD19","CARE TRUST SITE","POLLITS HOUSE","PostCode",53.7680647160724,-1.80980964272781
"248","TAJAD","CARE TRUST SITE","ADULT TEAM D","PostCode",52.5278125695585,-1.9864397377031
"249","A3J3X","CARE TRUST SITE","PD SERVICE","UPRN",51.5666147,-0.1423219
"250","TAH71","CARE TRUST SITE","PARK HEALTH CENTRE","PostCode",53.3777667175719,-1.45422458091482
"251","TAD78","CARE TRUST SITE","DR GUPTA'S SURGERY (OLD AGE PSYCHIATRY CLINIC)","UPRN",53.8048444,-1.743125
"252","TAH25","CARE TRUST SITE","CHARNOCK MEDICAL CENTRE","PostCode",53.3429933380775,-1.42073855878454
"253","TAF83","CARE TRUST SITE","GREENLAND ROAD SERVICES","PostCode",51.538933241395,-0.141917526234437
"254","TAF32","CARE TRUST SITE","DRAYTON PARK COMMUNITY CARE CENTRE","PostCode",51.5524948201342,-0.104871033400154
"255","I3H8P","CARE TRUST SITE","LOW SECURE (LS1)","UPRN",53.8097426,-1.8053573
"256","K0D4A","CARE TRUST SITE","PERINATAL 2","UPRN",53.8396893,-1.7886078
"257","A0P3R","CARE TRUST SITE","OLD AGE PSYCHIATRY(S&WT1)","UPRN",53.7851755,-1.7727942
"258","TAF87","CARE TRUST SITE","ISLINGTON IAPT","PostCode",51.530729057793,-0.119716915887745
"259","V5K4H","CARE TRUST SITE","SHSC DISTINGTON HOUSE","UPRN",53.3976004,-1.4424483
"260","TAJ72","CARE TRUST SITE","STOURBRIDGE HEALTH AND SOCIAL CARE CENTRE","PostCode",52.4654041943075,-2.14639773874889
"261","TAD93","CARE TRUST SITE","KEIGHLEY RESOURCE CENTRE","PostCode",53.8627227270848,-1.91855465937883
"262","TAF54","CARE TRUST SITE","NORTH CAMDEN DRUG SERVICES (RESPONSE)","UPRN",51.5526253,-0.1885315
"263","TAHYX","CARE TRUST SITE","PRESIDENT PARK","UPRN",53.3928774,-1.4490625
"264","TAF62","CARE TRUST SITE","SOUTH CAMDEN DRUG SERVICES","PostCode",51.5282117684492,-0.138360617322703
"265","A3J7L","CARE TRUST SITE","ISLINGTONCENTRAL CORETEAM","UPRN",51.5609394,-0.1235956
"266","TAHXM","CARE TRUST SITE","FOREST CLOSE","PostCode",53.4211150900383,-1.52032977685689
"267","TAF02","CARE TRUST SITE","ST LUKES WOODSIDE HOSPITAL","PostCode",51.5872543688791,-0.14847807031618
"268","TAD73","CARE TRUST SITE","KEIGHLEY CMHT FOR OLDER PEOPLE","PostCode",53.8979408236007,-1.96272510357201
"269","N2Q7F","CARE TRUST SITE","JACOB'S WELL - COVID VACCINATION CENTRE 2","PostCode",53.7905288678133,-1.75237665777561
"270","TAJ61","CARE TRUST SITE","COSELEY FAMILY CENTRE","PostCode",52.5527409621218,-2.10433121054784
"271","TAHFC","CARE TRUST SITE","MICHAEL CARLISLE CENTRE","UPRN",53.3614289,-1.4975963
"272","TAJAK","CARE TRUST SITE","ANCHOR PROJECT TEAM","PostCode",52.5188593328605,-1.99624260372975
"273","TAH20","CARE TRUST SITE","BUCKWOOD VIEW NURSING HOME","PostCode",53.3539717578759,-1.44602500849631
"274","A4V4A","CARE TRUST SITE","NORTH CMHT","UPRN",53.3729868,-1.466114
"275","TADC2","CARE TRUST SITE","HOLMEWOOD HEALTH CENTRE (SCHOOL NURSING)","PostCode",53.7777843160084,-1.7122694341299
"276","TAJ78","CARE TRUST SITE","THE BROOKLANDS","UPRN",52.5860638,-2.0963603
"277","A4Y8Y","CARE TRUST SITE","CRHTT","UPRN",53.4102449,-1.4601571
"278","TAH99","CARE TRUST SITE","FOX HILL","PostCode",53.4235778761627,-1.50055879351055
"279","A0K1A","CARE TRUST SITE","COMM MENTAL HEALTH (NTH3)","UPRN",53.8296306,-1.7779325
"280","TAD80","CARE TRUST SITE","7 LEGRAMS TERRACE","PostCode",53.7938849965504,-1.77236459429011
"281","F1A1X","CARE TRUST SITE","OLDER ADULT MH CONS 2","UPRN",52.5586843,-2.1591815
"282","TAH90","CARE TRUST SITE","WENSLEY STREET","UPRN",53.4115687,-1.4402756
"283","TAHYY","CARE TRUST SITE","PSYCHIATRIC OUTPATIENTS NETHER EDGE","PostCode",53.3599759088791,-1.4988531617185
"284","TAD04","CARE TRUST SITE","DRUG & ALCOHOL TEAM","PostCode",53.8687819416211,-1.90801940229314
"285","I3N7M","CARE TRUST SITE","CONSULTANT TEAM A","UPRN",52.4838651,-2.1559067
"286","U5F6C","CARE TRUST SITE","HILLBROOK","PostCode",53.8728399383849,-1.91407886656474
"287","A4Y1C","CARE TRUST SITE","INTENSIVE SUPPORT SERVICE","UPRN",53.4037003,-1.4666452
"288","A3K0G","CARE TRUST SITE","ISLINGTON MDNS","PostCode",51.5449569575339,-0.122635004709885
"289","A4C1N","CARE TRUST SITE","R&R TEAM NTH ISLINGTON","PostCode",51.5507563193539,-0.145200459376369
"290","Q7Q8H","CARE TRUST SITE","EARLY INTERVENTION NMP1","UPRN",52.5745251,-2.120903
"291","A4W0C","CARE TRUST SITE","EWS","UPRN",53.3861893,-1.4799772
"292","K3G8R","CARE TRUST SITE","DOROTHY PATTISON 12","UPRN",52.5821479,-2.0024308
"293","A0M4P","CARE TRUST SITE","CAMHS BFD 1","UPRN",53.7934506,-1.7713076
"294","TAD37","CARE TRUST SITE","STRAWBERRY STREET A","PostCode",53.8717482400577,-1.90842354174145
"295","TAJHL","CARE TRUST SITE","HEALTH LANE EMERGENCY","UPRN",52.5190645,-2.0170455
"296","TAD25","CARE TRUST SITE","WADDILOVES","UPRN",53.8077321,-1.7618763
"297","TAJ50","CARE TRUST SITE","TREDGOLD HOUSE","UPRN",52.5373239,-1.9900585
"298","M9S0U","CARE TRUST SITE","CAMHS TEAM D","UPRN",52.5192186,-1.9996851
"299","O7A5T","CARE TRUST SITE","CAMHS CONSULTANT 3","UPRN",52.5958389,-2.0802312
"300","TAJAF","CARE TRUST SITE","ADULT TEAM F","PostCode",52.5278125695585,-1.9864397377031
"301","A3J4A","CARE TRUST SITE","THE PLACE OF SAFETY","UPRN",51.5666147,-0.1423219
"302","TAF16","CARE TRUST SITE","BELSIZE AVENUE","UPRN",51.5510044,-0.1675366
"303","TAJEA","CARE TRUST SITE","OLDER ADULT TEAM A","PostCode",52.5192189762106,-1.99874790049447
"304","TAF15","CARE TRUST SITE","AOT (C&I)","UPRN",51.5389055,-0.1415616
"305","TAF47","CARE TRUST SITE","ISLINGTON LEARNING DIFFICULTIES PARTNERSHIP","PostCode",51.5524948201342,-0.104871033400154
"306","TAD72","CARE TRUST SITE","DAISY HILL HOUSE","PostCode",53.8097258700858,-1.80535409909078
"307","T9L3X","CARE TRUST SITE","WEST YORKSHIRE MENTAL HEALTH ICS WELLBEING HUB","UPRN",53.8396893,-1.7886078
"308","A0N9N","CARE TRUST SITE","COMM MENTAL HEALTH (CTY5)","UPRN",53.7851755,-1.7727942
"309","TAH59","CARE TRUST SITE","MANOR HOUSE","PostCode",53.3532312434975,-1.51774158588825
"310","TAD98","CARE TRUST SITE","NORTHFIELD ROAD","PostCode",53.7680100959977,-1.77318711660523
"311","TAJ89","CARE TRUST SITE","MOSSLEY DAY CENTRE","UPRN",52.6194188,-2.0154309
"312","TAJ99","CARE TRUST SITE","OLDBURY CUSTODY BLOCK","UPRN",52.5090326,-2.0093946
"313","A2P0E","CARE TRUST SITE","HIGHGATE EAST","UPRN",51.5666235,-0.1423071
"314","TAH84","CARE TRUST SITE","THE SURGERY","PostCode",53.4114688628671,-1.39522709666802
"315","TAF56","CARE TRUST SITE","IDASS","PostCode",51.5609343801008,-0.12362175604648
"316","TAHXN","CARE TRUST SITE","FOREST LODGE","PostCode",53.4211150900383,-1.52032977685689
"317","TAJ25","CARE TRUST SITE","VICTORIA HEALTH CENTRE","UPRN",52.4893474,-1.9605402
"318","TAD16","CARE TRUST SITE","AIREDALE CENTRE FOR MENTAL HEALTH","PostCode",53.8979408236007,-1.96272510357201
"319","TAD77","CARE TRUST SITE","LING HOUSE MEDICAL CENTRE (OLD AGE PSYCHIATRY CLINIC)","UPRN",53.8693936,-1.9106825
"320","TAD91","CARE TRUST SITE","SHIPLEY RESOURCE CENTRE","UPRN",53.8312553,-1.7767692
"321","TAJ80","CARE TRUST SITE","STEPS TO HEALTH","PostCode",52.609744377466,-2.11504056625436
"322","TAHXL","CARE TRUST SITE","WARDSEND ROAD","PostCode",53.4165994838957,-1.49764640820983
"323","A4V5N","CARE TRUST SITE","WEST CMHT","UPRN",53.3729868,-1.466114
"324","TAF46","CARE TRUST SITE","ISLEDON ROAD MENTAL HEALTH RESOURCE CENTRE","PostCode",51.559854002093,-0.11065323420406
"325","TAD79","CARE TRUST SITE","UNITS 1, 3, 4, AND 6 (MERIDIAN HOUSE)","PostCode",53.875169110365,-1.89326720361314
"326","A5A1N","CARE TRUST SITE","URGENT AND CRISIS SERVICE","UPRN",53.4102449,-1.4601571
"327","TAH51","CARE TRUST SITE","HOLLIES MEDICAL CENTRE","PostCode",53.3631678812946,-1.49481856093585
"328","TAD22","CARE TRUST SITE","SOMERSET HOUSE","PostCode",53.8295968352958,-1.77861318194466
"329","V5M3T","CARE TRUST SITE","INTEGRATED OUTREACH 2 (IOT2)","PostCode",53.7938849965504,-1.77236459429011
"330","H0J5D","CARE TRUST SITE","OLDER ADULT MH CONS 3","UPRN",52.5586843,-2.1591815
"331","A3Y3W","CARE TRUST SITE","CRISIS TEAMS (NTH CAMDEN)","PostCode",51.5479496928787,-0.174376896273549
"332","TAF94","CARE TRUST SITE","KINGSTON PRIMARY CARE MENTAL HEALTH SERVICE","PostCode",51.3865126863482,-0.292881855243629
"333","TAD01","CARE TRUST SITE","MOOR LANE CENTRE","PostCode",53.908056322477,-1.75758880838587
"334","E1M9T","CARE TRUST SITE","CONSULTANT TEAM B","UPRN",52.4838651,-2.1559067
"335","TAJ75","CARE TRUST SITE","WHITMORE REANS HEALTH CENTRE","UPRN",52.5950316,-2.143384
"336","TAHEC","CARE TRUST SITE","INTENSIVE SUPPORT SERVICE","PostCode",53.4033701707784,-1.46698292070609
"337","A3K0H","CARE TRUST SITE","SAMH CMHT (ISLINGTON)","PostCode",51.5449569575339,-0.122635004709885
"338","W8P8Z","CARE TRUST SITE","GOSCOTE HOUSE","PostCode",52.6136098510383,-1.97640046275173
"339","TAJ53","CARE TRUST SITE","POND LANE","PostCode",52.5738612837548,-2.1199042746794
"340","TAH64","CARE TRUST SITE","NETHERTHORPE HOUSE","PostCode",53.3861691882787,-1.47997748769594
"341","E0A5D","CARE TRUST SITE","DOROTHY PATTISON 5","UPRN",52.5821479,-2.0024308
"342","A0M8V","CARE TRUST SITE","COMM MENTAL HEALTH (S&W1)","PostCode",53.7937482456237,-1.77134825489419
"343","TAHDW","CARE TRUST SITE","DARNALL PRIMARY CARE CENTRE","UPRN",53.3848513,-1.4088436
"344","TAJNC","CARE TRUST SITE","CRISIS NMP 1","PostCode",52.5192893681131,-2.01877579612309
"345","H2I0M","CARE TRUST SITE","LEARNING DISABILITIES (LD2)","UPRN",53.8077321,-1.7618763
"346","TAJLA","CARE TRUST SITE","LD TEAM A","PostCode",52.5379716240865,-1.99199496310415
"347","N9T8Y","CARE TRUST SITE","CAMHS TEAM C","UPRN",52.5192186,-1.9996851
"348","I5E0Z","CARE TRUST SITE","CAMHS CONSULTANT 1","UPRN",52.5958389,-2.0802312
"349","TAJAG","CARE TRUST SITE","ADULT TEAM G","PostCode",52.5278125695585,-1.9864397377031
"350","TAF85","CARE TRUST SITE","CRISIS TEAM (ISLINGTON)","UPRN",51.5666147,-0.1423219
"351","TAJEC","CARE TRUST SITE","OLDER ADULT TEAM C","PostCode",52.5192189762106,-1.99874790049447
"352","TAF81","CARE TRUST SITE","SAMH CMHT (ISLINGTON)","PostCode",51.559168873763,-0.124560020462906
"353","TAJ73","CARE TRUST SITE","SUNFLOWER CENTRE","PostCode",52.4648608875876,-2.14951637407877
"354","A4Q1M","CARE TRUST SITE","ASSERTIVE OUTREACH TEAM","PostCode",53.3650404323712,-1.53770019895058
"355","M5X7I","CARE TRUST SITE","NEW MILL","PostCode",53.8396723155495,-1.78860524401388
"356","A0P3D","CARE TRUST SITE","COMM MENTAL HEALTH (CTY3)","UPRN",53.7851755,-1.7727942
"357","TAF75","CARE TRUST SITE","CALEDONIAN ROAD (RESIDENTIAL SERVICES)","UPRN",51.5507201,-0.1183187
"358","TAF72","CARE TRUST SITE","HIGHGATE ACUTE MENTAL HEALTH CENTRE","PostCode",51.5666185805623,-0.142332930574958
"359","TAH75","CARE TRUST SITE","SCOTT ROAD","PostCode",53.4017889771632,-1.45718117714707
"360","TAJ76","CARE TRUST SITE","WEST PARK HOSPITAL","UPRN",52.5877945,-2.1412463
"361","TAH56","CARE TRUST SITE","KIRKHILL RESOURCE CENTRE","PostCode",53.3218031909568,-1.47844802382123
"362","TAD31","CARE TRUST SITE","THE GROVE (COPWOOD)","PostCode",53.7784462593385,-1.70724205744192
"363","TAJ60","CARE TRUST SITE","CENTRAL CLINIC","UPRN",52.5079925,-2.0757693
"364","TAH61","CARE TRUST SITE","MANSFIELD VIEW","PostCode",53.3584583110599,-1.42162581407556
"365","TAD14","CARE TRUST SITE","LAND AT ASHFIELD HOUSE","PostCode",53.7901199330761,-1.84657972329741
"366","A4V1P","CARE TRUST SITE","SOUTH WEST CMHT","UPRN",53.3729868,-1.466114
"367","TAH21","CARE TRUST SITE","CENTENARY ANNEXE","PostCode",53.3898188245891,-1.48626333031268
"368","TAHXD","CARE TRUST SITE","RUTLAND ROAD","UPRN",53.3988776,-1.4674117
"369","A5A7G","CARE TRUST SITE","OUT OF HOURS TEAM","UPRN",53.4102449,-1.4601571
"370","TAD69","CARE TRUST SITE","NORTH BRADFORD CMHT FOR OLDER PEOPLE","PostCode",53.8411439487965,-1.73321842479943
"371","A0K0C","CARE TRUST SITE","COMM MENTAL HEALTH (NTH1)","UPRN",53.8296306,-1.7779325
"372","TAD62","CARE TRUST SITE","FIELDHEAD HOUSE","PostCode",53.7938849965504,-1.77236459429011
"373","N9U1G","CARE TRUST SITE","HOME TREATMENT WTON NMP1","UPRN",52.5586843,-2.1591815
"374","A3Y3H","CARE TRUST SITE","R&R TEAM (NORTH CAMDEN)","UPRN",51.5472263,-0.1743807
"375","TADA1","CARE TRUST SITE","CROSS BANKS","UPRN",53.8308334,-1.7770753
"376","V1O0N","CARE TRUST SITE","CONSULTANT TEAM C","UPRN",52.4838651,-2.1559067
"377","TAH86","CARE TRUST SITE","TRAMWAYS MEDICAL CENTRE","UPRN",53.4023588,-1.5038003
"378","K1E4B","CARE TRUST SITE","JACK JUDGE HOUSE","PostCode",52.5035484174914,-2.01623509628475
"379","TAF92","CARE TRUST SITE","SAHM SERVICES","PostCode",51.5449569575339,-0.122635004709885
"380","TADA6","CARE TRUST SITE","KINGSWAY (SCHOOL NURSING)","PostCode",53.8469342287589,-1.82782903385872
"381","TAF60","CARE TRUST SITE","PINE STREET DAY CENTRE","PostCode",51.5250853444678,-0.109310539457478
"382","TAJ81","CARE TRUST SITE","NEW CROSS HOSPITAL","UPRN",52.5997412,-2.0955515
"383","L4D8R","CARE TRUST SITE","DOROTHY PATTISON 9","UPRN",52.5821479,-2.0024308
"384","I6Q2B","CARE TRUST SITE","EARLY INTERVENTION (EIP2)","PostCode",53.7937482456237,-1.77134825489419
"385","TAJNF","CARE TRUST SITE","CRISIS NMP 2","PostCode",52.5192893681131,-2.01877579612309
"386","TAF53","CARE TRUST SITE","NETHERWOOD CENTRE","UPRN",51.5452166,-0.2008828
"387","TAJLD","CARE TRUST SITE","LD TEAM D","PostCode",52.5379716240865,-1.99199496310415
"388","Z5M6P","CARE TRUST SITE","NMP1 CAMHS NEURO","PostCode",52.5192010005305,-1.99969108179815
"389","B2Q9T","CARE TRUST SITE","CAHMS CONSULTANT 4","UPRN",52.5958389,-2.0802312
"390","TAJAC","CARE TRUST SITE","ADULT TEAM C","PostCode",52.5278125695585,-1.9864397377031
"391","TAF86","CARE TRUST SITE","NORTH ISLINGTON CRISIS TEAM","PostCode",51.5666098222134,-0.14234771647843
"392","TAJED","CARE TRUST SITE","OLDER ADULT TEAM D","PostCode",52.5192189762106,-1.99874790049447
"393","TAH24","CARE TRUST SITE","CENTRE FOR HIV & SEXUAL HEALTH","UPRN",53.3760919,-1.4897293
"394","H3L2Y","CARE TRUST SITE","CRANSTOUN SANDWELL","UPRN",52.5021731,-1.9878556
"395","A4Q2P","CARE TRUST SITE","SCF TEAM","PostCode",53.3650404323712,-1.53770019895058
"396","V8M5S","CARE TRUST SITE","PERINATAL TEAM (1)","UPRN",53.8396893,-1.7886078
"397","A0P5Q","CARE TRUST SITE","OLD AGE PSYCHIATRY(S&WT2)","UPRN",53.7851755,-1.7727942
"398","TAF73","CARE TRUST SITE","PSYCHOLOGY A14 ARCHWAY WING","PostCode",51.5666185805623,-0.142332930574958
"399","TAD30","CARE TRUST SITE","OWLET ROAD","UPRN",53.8324093,-1.7691509
"400","TAD23","CARE TRUST SITE","STONEY RIDGE HOSPITAL","PostCode",53.8221204009997,-1.81688710829267
"401","TAH32","CARE TRUST SITE","DEPT OF PSYCHIATRY - CHESTER ROYAL HOSPITAL","PostCode",53.2362113344989,-1.40005131069863
"402","A4A5E","CARE TRUST SITE","SAMH CMHT (CAMDEN)","UPRN",51.550319,-0.1377067
"403","TAH78","CARE TRUST SITE","SHIRLE HILL","PostCode",53.3631652700643,-1.49208368738027
"404","TAHYE","CARE TRUST SITE","EDMUND ROAD","PostCode",53.3732562603219,-1.46657718039025
"405","A5A7L","CARE TRUST SITE","DECISIONS UNIT","UPRN",53.4102449,-1.4601571
"406","TAF39","CARE TRUST SITE","HIGHGATE ROAD DAY CENTRE","PostCode",51.5517944406954,-0.142042602346053
"407","A0K0K","CARE TRUST SITE","COMM MENTAL HEALTH (NTH2)","UPRN",53.8296306,-1.7779325
"408","TAD68","CARE TRUST SITE","BRADFORD CITY CMHT FOR OLDER PEOPLE","PostCode",53.7958208174141,-1.82231487451167
"409","TAJM8","CARE TRUST SITE","COMMUNITY NMP4","PostCode",52.5586670339032,-2.15918741211672
"410","A3Y6F","CARE TRUST SITE","RESPONSE","UPRN",51.5472263,-0.1743807
"411","TAF91","CARE TRUST SITE","TILE HOUSE SUPPORTED HOUSING PROJECT","PostCode",51.5384912419028,-0.1237518701811
"412","TAJ03","CARE TRUST SITE","PCL - BIRMINGHAM ROAD","UPRN",52.5124842,-1.9843607
"413","TAD05","CARE TRUST SITE","INGROW CENTRE","PostCode",53.8564554765757,-1.91464443202311
"414","TAHXP","CARE TRUST SITE","GRENOSIDE GRANGE","UPRN",53.4362161,-1.4961199
"415","TADC7","CARE TRUST SITE","CRAVEN IAPT MENTAL HEALTH","PostCode",53.9604914541421,-2.01424444607172
"416","P7C2K","CARE TRUST SITE","DOROTHY PATTISON CAMHS 2","UPRN",52.5821479,-2.0024308
"417","G2S7B","CARE TRUST SITE","CAMHS 7","PostCode",53.7937482456237,-1.77134825489419
"418","TAJNH","CARE TRUST SITE","CRISIS NMP 3","PostCode",52.5192893681131,-2.01877579612309
"419","TAJ63","CARE TRUST SITE","THE GREENS HEALTH CENTRE","UPRN",52.5290207,-2.0991689
"420","TAJLE","CARE TRUST SITE","LD TEAM E","PostCode",52.5379716240865,-1.99199496310415
"421","TAJ51","CARE TRUST SITE","CAMHS","UPRN",52.5192186,-1.9996851
"422","B8H4D","CARE TRUST SITE","CAMMS CONSULTANT 4","UPRN",52.5958389,-2.0802312
"423","TAJAE","CARE TRUST SITE","ADULT TEAM E","PostCode",52.5278125695585,-1.9864397377031
"424","M4H3H","CARE TRUST SITE","SANDWELL MEMORY MEDICS","UPRN",52.5192366,-1.9987419
"425","TAD76","CARE TRUST SITE","BINGLEY HEALTH CENTRE (OLD AGE PSYCHIATRY CLINIC)","PostCode",53.8473644122434,-1.83994139792365
"426","A3H9P","CARE TRUST SITE","R&R TEAM (STH ISLINGTON)","UPRN",51.5369903,-0.1044798
"427","TAHYC","CARE TRUST SITE","CITY ROAD DAY SERVICE","UPRN",53.3660521,-1.4365739
"428","TADHQ","CARE TRUST SITE","BRADFORD DISTRICT CARE TRUST HQ","PostCode",53.8396723155495,-1.78860524401388
"429","L9K7C","CARE TRUST SITE","OLD AGE PSYCHIATRY (S&W3)","UPRN",53.7851755,-1.7727942
"430","TAD89","CARE TRUST SITE","CENTRAL LIBRARY","PostCode",53.7904626001585,-1.75512446524314
"431","TAH48","CARE TRUST SITE","HAZELHURST RESOURCE CENTRE","UPRN",53.3224736,-1.4630658
"432","A4A8K","CARE TRUST SITE","MEMORY SERVICE (CAMDEN)","UPRN",51.550319,-0.1377067
"433","TAH14","CARE TRUST SITE","BEIGHTON HEALTH CENTRE","UPRN",53.34895,-1.344842
"434","TAD92","CARE TRUST SITE","PARK ROAD HEALTH CENTRE","PostCode",53.785991468492,-1.75753333840904
"435","A5A5V","CARE TRUST SITE","SHEFFIELD MEMORY SERVICE","UPRN",53.4102449,-1.4601571
"436","R9C2B","CARE TRUST SITE","COMMUNITY MENTAL HEALTH (NTH4)","UPRN",53.8296306,-1.7779325
"437","TAD40","CARE TRUST SITE","BINGLEY VA COMMUNITY CENTRE","PostCode",53.846979385994,-1.83437984112483
"438","W5F2H","CARE TRUST SITE","HT OLDER ADULT WTON","UPRN",52.5586843,-2.1591815
"439","TAF08","CARE TRUST SITE","CRISIS TEAM (NORTH CAMDEN)","PostCode",51.5479496928787,-0.174376896273549
"440","TADA4","CARE TRUST SITE","WESTBOURNE GREEN (SCHOOL NURSING)","PostCode",53.8072933473769,-1.77624019519117
"441","TAH28","CARE TRUST SITE","DENTAL CLINIC - OAKES PARK SCHOOL","PostCode",53.3394216181603,-1.45638110936511
"442","W5Z6L","CARE TRUST SITE","WAL&WTON PERINATAL","UPRN",52.5821479,-2.0024308
"443","TADC3","CARE TRUST SITE","BRADFORD SOUTH & WEST CMHT","PostCode",53.7937482456237,-1.77134825489419
"444","TAD38","CARE TRUST SITE","ACRES HOUSE","PostCode",53.8612719987378,-1.91328144282879
"445","TAD32","CARE TRUST SITE","FUSION","PostCode",53.8103428297968,-1.71019399451792
"446","TAJLC","CARE TRUST SITE","LD TEAM C","PostCode",52.5379716240865,-1.99199496310415
"447","TAHXK","CARE TRUST SITE","FULWOOD HOUSE (HQ)","PostCode",53.3644819930271,-1.53740569276492
"448","TAJ79","CARE TRUST SITE","GEM CENTRE","PostCode",52.5958210136842,-2.0802373753969
"449","TAJ20","CARE TRUST SITE","HALLAM STREET HOSPITAL","PostCode",52.5278125695585,-1.9864397377031
"450","TAJ07","CARE TRUST SITE","EDWARD STREET HOSPITAL","UPRN",52.5192366,-1.9987419
"451","TAD81","CARE TRUST SITE","LOW MOOR RESOURCE CENTRE","PostCode",53.7553482532346,-1.76503504819774
"452","TAF97","CARE TRUST SITE","AOT ISLINGTON","UPRN",51.5369903,-0.1044798
"453","Z9F1A","CARE TRUST SITE","GLEBEFIELDS HEALTH CENTRE","PostCode",52.5409710821331,-2.05392129798328
"454","TAH50","CARE TRUST SITE","HIGH GREEN HEALTH CENTRE","UPRN",53.4744517,-1.4936057
"455","M1T3A","CARE TRUST SITE","OLD AGE PSYCHIATRY (S&W4)","UPRN",53.7851755,-1.7727942
"456","A4R0Q","CARE TRUST SITE","PERINATAL MENTAL HEALTH","UPRN",53.3639815,-1.4956101
"457","A4A9Q","CARE TRUST SITE","R&R TEAM (SOUTH CAMDEN)","UPRN",51.550319,-0.1377067
"458","TAH33","CARE TRUST SITE","DEPT OF PSYCHIATRY - DRI","PostCode",53.5307821586116,-1.10893887368683
"459","TAHCC","CARE TRUST SITE","THE LONGLEY CENTRE","UPRN",53.4102449,-1.4601571
"460","TADC5","CARE TRUST SITE","COMM MENTAL HEALTH (NTH3)","PostCode",53.8295968352958,-1.77861318194466
"461","A3J4C","CARE TRUST SITE","CAMDEN L D SERVICE","UPRN",51.533826,-0.1263837
"462","TAJ52","CARE TRUST SITE","PENN HOSPITAL","UPRN",52.5586843,-2.1591815
"463","TAJ95","CARE TRUST SITE","HALESVIEW","UPRN",52.4487658,-2.0613648
"464","TAH23","CARE TRUST SITE","CENTRAL HEALTH CLINIC","UPRN",53.3819614,-1.4666144
"465","TAD74","CARE TRUST SITE","SPRINGS MEDICAL CENTRE (OLD AGE PSYCHIATRY CLINIC)","PostCode",53.9235560633606,-1.81604821509417
"466","TAJ83","CARE TRUST SITE","DOROTHY PATTISON HOSPITAL","UPRN",52.5821479,-2.0024308
"467","W9O6M","CARE TRUST SITE","CAMHS 3","PostCode",53.7937482456237,-1.77134825489419
"468","TAD39","CARE TRUST SITE","ACRES HOUSE (TEAM MEET)","PostCode",53.8612719987378,-1.91328144282879
"469","TAH47","CARE TRUST SITE","HANDSWORTH GRANGE MEDICAL CENTRE","UPRN",53.3720494,-1.3821347
"470","TAJ11","CARE TRUST SITE","HEATH LANE HOSPITAL","PostCode",52.5379716240865,-1.99199496310415
"471","V1M5D","CARE TRUST SITE","CAMHS CONSULTANT 2","UPRN",52.5958389,-2.0802312
"472","TAD15","CARE TRUST SITE","DAISY BANK","PostCode",53.8051759483513,-1.79867882390914
"473","TAJE5","CARE TRUST SITE","SANDWELL MEMORY MEDICS","UPRN",52.5192366,-1.9987419
"474","TAF22","CARE TRUST SITE","R&R TEAM (SOUTH ISLINGTON)","PostCode",51.5368686470135,-0.105044343137257
"475","TAJ70","CARE TRUST SITE","NETHERTON HEALTH CENTRE","UPRN",52.4891465,-2.0807879
"476","TAD95","CARE TRUST SITE","RIX HOUSE","UPRN",53.8608374,-1.9244609
"477","TAD63","CARE TRUST SITE","HORTON PARK","PostCode",53.7851584673401,-1.77279120630785
"478","TAHCJ","CARE TRUST SITE","ARGYLL HOUSE","PostCode",53.3638753126237,-1.4963129170971
"479","TAF93","CARE TRUST SITE","PECKWATER CENTRE","UPRN",51.550319,-0.1377067
"480","TAH39","CARE TRUST SITE","FIRST START NURSERY","PostCode",53.4180826015892,-1.44871336574022
"481","A0M0P","CARE TRUST SITE","COMM MENTAL HEALTH CRAV 1","UPRN",53.9557078,-2.0190165
"482","TAH73","CARE TRUST SITE","ROYAL HALLAMSHIRE HOSPITAL","UPRN",53.3783726,-1.4933305
"483","TAJM3","CARE TRUST SITE","COMMUNITY NMP1","PostCode",52.5586670339032,-2.15918741211672
"484","TAF04","CARE TRUST SITE","DRAYTON PARK WOMENS SERVICE","UPRN",51.5514653,-0.1076283
"485","TAH69","CARE TRUST SITE","OAKWOOD YPC","PostCode",53.4098013387943,-1.45596601365004
"486","F6W0X","CARE TRUST SITE","DPH MENTAL HEALTH LIAISON","UPRN",52.5821479,-2.0024308
"487","U1N0I","CARE TRUST SITE","CAMHS 8","PostCode",53.7937482456237,-1.77134825489419
"488","TAHYG","CARE TRUST SITE","HOWARD ROAD","PostCode",53.3911475377835,-1.49857751739545
"489","TAH87","CARE TRUST SITE","UPPERTHORPE MEDICAL CENTRE","UPRN",53.3897357,-1.4873686
"490","TAHDT","CARE TRUST SITE","SIDNEY STREET CENTRE","UPRN",53.3757608,-1.4687479
"491","TAJEE","CARE TRUST SITE","OLDER ADULT TEAM E","PostCode",52.5192189762106,-1.99874790049447
"492","TAH63","CARE TRUST SITE","MILLBROOK","UPRN",53.3564183,-1.3624327
"493","A8F3B","CARE TRUST SITE","BANDS (ADULT ADHD)","PostCode",53.7851584673401,-1.77279120630785
"494","TAHXF","CARE TRUST SITE","WARMINSTER ROAD","PostCode",53.3459506032576,-1.46906588089147
"495","TAH44","CARE TRUST SITE","GREENHILL HEALTH CENTRE","UPRN",53.322938,-1.482547
"496","TAJAH","CARE TRUST SITE","ASSERTIVE OUTREACH TEAM","PostCode",52.5037106648552,-2.01280259614389
"497","TAD03","CARE TRUST SITE","CRAVEN CMHT","PostCode",53.9556913447022,-2.01901258920324
"498","TADA7","CARE TRUST SITE","SHIPLEY HEALTH CENTRE (SCHOOL NURSING)","PostCode",53.8326129089937,-1.78140824744278
"499","TAJM6","CARE TRUST SITE","COMMUNITY NMP2","PostCode",52.5586670339032,-2.15918741211672
"500","TAD29","CARE TRUST SITE","WALKER HOUSE (3RD FLOOR)","PostCode",53.7934463911792,-1.75501602423297
"501","TAHYP","CARE TRUST SITE","PSYCHIATRIC OUT PATIENTS","PostCode",53.4098013387943,-1.45596601365004
"502","F9A1F","CARE TRUST SITE","DOROTHY PATTISON 6","UPRN",52.5821479,-2.0024308
"503","A0N0F","CARE TRUST SITE","COMM MENTAL HEALTH (S&W2)","PostCode",53.7937482456237,-1.77134825489419
"504","TAJAJ","CARE TRUST SITE","CRISIS RESOLUTION TEAM","PostCode",52.4951052463977,-1.9740918524258
"505","TAH94","CARE TRUST SITE","WOODHOUSE CLINIC","UPRN",53.3577818,-1.3723019
"506","TAD46","CARE TRUST SITE","HOLMEWOOD","PostCode",53.8621948371892,-1.9221744752429
"507","TAJEF","CARE TRUST SITE","OLDER ADULT TEAM F","PostCode",52.5192189762106,-1.99874790049447
"508","N6W3B","CARE TRUST SITE","EARLY INTERVENTION (EIP3)","PostCode",53.7851584673401,-1.77279120630785
"509","O9G5U","CARE TRUST SITE","OLD BUILDING, BRADFORD COLLEGE - COVID VACCINATION CENTRE","UPRN",53.7916918,-1.7681143
"510","TAH11","CARE TRUST SITE","ANGLETON AVENUE","PostCode",53.3679673917211,-1.41404285554427
"511","A4A1J","CARE TRUST SITE","LIME TREE GARDENS REHAB","UPRN",51.5537367,-0.1412996
"512","Y9K5O","CARE TRUST SITE","ADULT MH PENN ON CALL","UPRN",52.5586843,-2.1591815
"513","TAH36","CARE TRUST SITE","DRAGOON COURT","PostCode",53.4009900528478,-1.49429571868853
"514","A4Y8M","CARE TRUST SITE","LIAISON PSYCHIATRY","UPRN",53.4098218,-1.4559634
"515","G7Y8I","CARE TRUST SITE","CERT MEDICS TRUSTWIDE","UPRN",52.5821479,-2.0024308
"516","J3K6B","CARE TRUST SITE","CAMHS 2","PostCode",53.7937482456237,-1.77134825489419
"517","TAJAM","CARE TRUST SITE","EARLY INTERVENTION TEAM","PostCode",52.4951052463977,-1.9740918524258
"518","TAH57","CARE TRUST SITE","LODGE MOOR MEDICAL CENTRE","UPRN",53.3723989,-1.5589463
"519","TAHHH","CARE TRUST SITE","WHEATA PLACE CLINIC","PostCode",53.4340426675157,-1.4677132482102
"520","TAJ05","CARE TRUST SITE","EDWARD STREET DAY HOSPITAL","PostCode",52.5192189762106,-1.99874790049447
"521","T3W3Y","CARE TRUST SITE","EARLY INTERVENTION (EIP1)","PostCode",53.7851584673401,-1.77279120630785
"522","TAF49","CARE TRUST SITE","LAMBO DAY CENTRE","UPRN",51.5684614,-0.1368499
"523","R6R2N","CARE TRUST SITE","ADULT MH CONSULTANT 3","UPRN",52.5586843,-2.1591815
"524","TAH67","CARE TRUST SITE","NORTHERN GENERAL HOSPITAL","UPRN",53.4098218,-1.4559634
"525","T9Q1J","CARE TRUST SITE","DOROTHY PATTISON CRHT 1","UPRN",52.5821479,-2.0024308
"526","R0I8W","CARE TRUST SITE","CAMHS 4","PostCode",53.7937482456237,-1.77134825489419
"527","TAF25","CARE TRUST SITE","CLERKENWELL PROJECT","UPRN",51.5291577,-0.1128502
"528","TAH72","CARE TRUST SITE","PSYCHOLOGY SERVICES","PostCode",53.4298223919118,-1.34879166561188
"529","A3J1P","CARE TRUST SITE","BETTER LIVES (KH WALK)","UPRN",51.5472799,-0.0814077
"530","A5C3F","CARE TRUST SITE","EIS - CITYWIDE","UPRN",53.4014496,-1.5011176
"531","A0P3N","CARE TRUST SITE","COMM MENTAL HEALTH (CTY4)","UPRN",53.7851755,-1.7727942
"532","TAHYQ","CARE TRUST SITE","SHEPCOTE TRADING CENTRE","PostCode",53.4096307510255,-1.40328632685507
"533","R9H4I","CARE TRUST SITE","HOME TREATMENT WTON","PostCode",52.5586670339032,-2.15918741211672
"534","TAH93","CARE TRUST SITE","ACCELERATED DISCHARGE OFFICE","PostCode",53.4098013387943,-1.45596601365004
"535","U6X2S","CARE TRUST SITE","DOROTHY PATTISON CAMHS 4","UPRN",52.5821479,-2.0024308
"536","R4U9E","CARE TRUST SITE","CAMHS 6","PostCode",53.7937482456237,-1.77134825489419
"537","TAF90","CARE TRUST SITE","KINGSTON SMS","UPRN",51.3908222,-0.2999263
"538","A0N4O","CARE TRUST SITE","BUSHEY FIELDS HOSPITAL 8","UPRN",52.5029154,-2.1168468
"539","TAHXQ","CARE TRUST SITE","LIMBRICK HEALTH CENTRE","PostCode",53.4009516824789,-1.50228254841763
"540","A0P9J","CARE TRUST SITE","BDCFT CLINICAL PARTNERS","UPRN",53.7851755,-1.7727942
"541","A3W5D","CARE TRUST SITE","COMMUNITY OUTPATIENT PSC","UPRN",51.5366525,-0.1316317
"542","S6A7H","CARE TRUST SITE","ADULT MH CONSULTANT 8","UPRN",52.5586843,-2.1591815
"543","TAHYV","CARE TRUST SITE","RIVERMEAD UNIT","PostCode",53.4098013387943,-1.45596601365004
"544","V0W4G","CARE TRUST SITE","DOROTHY PATTISON 3","UPRN",52.5821479,-2.0024308
"545","R7G0F","CARE TRUST SITE","CAMHS 5","PostCode",53.7937482456237,-1.77134825489419
"546","TAD66","CARE TRUST SITE","UNIT 2D REVIVAL INDUSTRIAL ESTATE","PostCode",53.7875499588877,-1.74199721403718
"547","I2W3T","CARE TRUST SITE","BUSHEY FIELDS HOSPITAL 1","UPRN",52.5029154,-2.1168468
"548","H8H9K","CARE TRUST SITE","MEMORY CLINIC (MC1)","PostCode",53.7851584673401,-1.77279120630785
"549","A3W8K","CARE TRUST SITE","CDAT TEAM","UPRN",51.5366525,-0.1316317
"550","TAJD4","CARE TRUST SITE","HOME TREATMENT NMP3","PostCode",52.5586670339032,-2.15918741211672
"551","TAHYD","CARE TRUST SITE","CLINICAL PSYCHOLOGY","PostCode",53.4098013387943,-1.45596601365004
"552","R4J8Y","CARE TRUST SITE","DOROTHY PATTISON 11","UPRN",52.5821479,-2.0024308
"553","U4K4Y","CARE TRUST SITE","ST MARTINS","PostCode",53.7937482456237,-1.77134825489419
"554","I9J3K","CARE TRUST SITE","BUSHEY FIELDS HOSPITAL 6","UPRN",52.5029154,-2.1168468
"555","TAJ94","CARE TRUST SITE","THE POPLARS CENTRE","UPRN",52.4803465,-2.1189106
"556","A3W8T","CARE TRUST SITE","TRAUMATIC STRESS CLINIC","UPRN",51.5366525,-0.1316317
"557","TAJM5","CARE TRUST SITE","WELL BEING NMP2","PostCode",52.5586670339032,-2.15918741211672
"558","T7E8W","CARE TRUST SITE","DOROTHY PATTISON CAMHS 1","UPRN",52.5821479,-2.0024308
"559","TAF37","CARE TRUST SITE","HANLEY GARDENS (RESIDENTIAL SERVICES)","PostCode",51.5693262354323,-0.118124798478882
"560","J5T2N","CARE TRUST SITE","DUD&SAND PERINATAL","UPRN",52.5029154,-2.1168468
"561","Q9Q0K","CARE TRUST SITE","WOLVERHAMPTON CIVIC CENTRE","PostCode",52.5870391232063,-2.12957856472702
"562","A3V1Y","CARE TRUST SITE","ST PANCRAS HOSPITAL","UPRN",51.5366525,-0.1316317
"563","TAJM7","CARE TRUST SITE","COMMUNITY NMP3","PostCode",52.5586670339032,-2.15918741211672
"564","A8G5Z","CARE TRUST SITE","DOROTHY PATTISON 7","UPRN",52.5821479,-2.0024308
"565","N4N9Z","CARE TRUST SITE","BUSHEY FIELDS CAMHS 6","UPRN",52.5029154,-2.1168468
"566","A4T0E","CARE TRUST SITE","SOUTH RECOVERY TEAM","UPRN",53.3470288,-1.3971579
"567","A3V2E","CARE TRUST SITE","ADULT ADHD CLINIC","UPRN",51.5366525,-0.1316317
"568","TAJM4","CARE TRUST SITE","WELL BEING NMP1","PostCode",52.5586670339032,-2.15918741211672
"569","D5Q0S","CARE TRUST SITE","DOROTHY PATTISON 10","UPRN",52.5821479,-2.0024308
"570","B3K3T","CARE TRUST SITE","BUSHEY FIELDS MHAS","UPRN",52.5029154,-2.1168468
"571","TAHFY","CARE TRUST SITE","EAST GLADE CENTRE","UPRN",53.3470288,-1.3971579
"572","A3V6C","CARE TRUST SITE","A&A TEAM (ISLINGTON)","UPRN",51.5366525,-0.1316317
"573","W3C1U","CARE TRUST SITE","ADULT MH CONSULTANT 1","UPRN",52.5586843,-2.1591815
"574","D6T0E","CARE TRUST SITE","DOROTHY PATTISON EI","UPRN",52.5821479,-2.0024308
"575","X0P5F","CARE TRUST SITE","BUSHEY DEAF CAMHS 2","UPRN",52.5029154,-2.1168468
"576","TAH81","CARE TRUST SITE","STEVEN CLOSE","PostCode",53.4590434587976,-1.47459983867961
"577","TAF01","CARE TRUST SITE","ST PANCRAS HOSPITAL","UPRN",51.5366525,-0.1316317
"578","X2H0S","CARE TRUST SITE","MEMORY CLINIC MEDICS","UPRN",52.5586843,-2.1591815
"579","E2J6X","CARE TRUST SITE","DOROTHY PATTISON 2","UPRN",52.5821479,-2.0024308
"580","X6E5O","CARE TRUST SITE","BUSHEY FIELDS HOSPITAL 7","UPRN",52.5029154,-2.1168468
"581","TAH88","CARE TRUST SITE","WALKLEY MEDICAL CENTRE","UPRN",53.3926942,-1.5011081
"582","T9W5S","CARE TRUST SITE","HILLSIDE CLUBHOUSE","UPRN",51.5366525,-0.1316317
"583","H6Q4K","CARE TRUST SITE","ADULT MH CONSULTANT 4","UPRN",52.5586843,-2.1591815
"584","O7H0Q","CARE TRUST SITE","DOROTHY PATTISON CAMHS 3","UPRN",52.5821479,-2.0024308
"585","Z1T3V","CARE TRUST SITE","BUSHEY FIELDS EI","UPRN",52.5029154,-2.1168468
"586","A3V6H","CARE TRUST SITE","CAMDEN PCMH TEAM","UPRN",51.5366525,-0.1316317
"587","I2Y9O","CARE TRUST SITE","ADULT MH CONSULTANT 7","UPRN",52.5586843,-2.1591815
"588","O9O3B","CARE TRUST SITE","DOROTHY PATTISON 1","UPRN",52.5821479,-2.0024308
"589","S1J1F","CARE TRUST SITE","BUSHEY FIELDS HOSPITAL 5","UPRN",52.5029154,-2.1168468
"590","A3W2G","CARE TRUST SITE","PERINATAL MH TEAM (NLP)","UPRN",51.5366525,-0.1316317
"591","I5H5G","CARE TRUST SITE","CONSULTANT 11","UPRN",52.5586843,-2.1591815
"592","Q4O1O","CARE TRUST SITE","DOROTHY PATTISON 4","UPRN",52.5821479,-2.0024308
"593","S5O3T","CARE TRUST SITE","DW EATING DISORDER","UPRN",52.5029154,-2.1168468
"594","A3W8R","CARE TRUST SITE","MHCAS","UPRN",51.5366525,-0.1316317
"595","D5B0W","CARE TRUST SITE","ADULT MH CONSULTANT 9","UPRN",52.5586843,-2.1591815
"596","S5V7A","CARE TRUST SITE","DOROTHY PATTISON EAS","UPRN",52.5821479,-2.0024308
"597","U8M3J","CARE TRUST SITE","BUSHEY FIELDS HOSPITAL 10","UPRN",52.5029154,-2.1168468
"598","TAF84","CARE TRUST SITE","CRISIS TEAM (SOUTH CAMDEN)","PostCode",51.5366480604468,-0.131657434620619
"599","D8F4H","CARE TRUST SITE","OLDER ADULT MH CONS 1","UPRN",52.5586843,-2.1591815
"600","O5E5J","CARE TRUST SITE","CERT NMP1","UPRN",52.5821479,-2.0024308
"601","V5R7R","CARE TRUST SITE","BUSHEY FIELDS DEAF CAMHS","UPRN",52.5029154,-2.1168468
"602","TAF98","CARE TRUST SITE","HIGH INTENSITY SERVICE","UPRN",51.5366525,-0.1316317
"603","G0J7L","CARE TRUST SITE","ADULT MH CONSULTANT 6","UPRN",52.5586843,-2.1591815
"604","Q9I8V","CARE TRUST SITE","DOROTHY PATTISON LD 1","UPRN",52.5821479,-2.0024308
"605","V7C9A","CARE TRUST SITE","BUSHEY FIELDS HOSPITAL 11","UPRN",52.5029154,-2.1168468
"606","TAJ98","CARE TRUST SITE","CANALSIDE","PostCode",52.6216217212834,-1.99140412316014
"607","G3M5H","CARE TRUST SITE","OLDER ADULT MH CONS 4","PostCode",52.5586670339032,-2.15918741211672
"608","V9G8U","CARE TRUST SITE","BUSHEY CAMHS CRISIS","UPRN",52.5029154,-2.1168468
"609","TAH42","CARE TRUST SITE","FOXWOOD RESOURCE CENTRE","PostCode",53.3572961445403,-1.4266748938692
"610","TAJD3","CARE TRUST SITE","HOME TREATMENT NMP2","PostCode",52.5586670339032,-2.15918741211672
"611","M0C9T","CARE TRUST SITE","BUSHEY FIELDS CRHT 1","UPRN",52.5029154,-2.1168468
"612","A0L0C","CARE TRUST SITE","COMM MENTAL HEALTH AW4","UPRN",53.8740013,-1.8955242
"613","TAJD5","CARE TRUST SITE","HOME TREATMENT NMP4","PostCode",52.5586670339032,-2.15918741211672
"614","M6W4H","CARE TRUST SITE","BUSHEY FIELDS MH LIAISON","UPRN",52.5029154,-2.1168468
"615","A0L3E","CARE TRUST SITE","COMM MENTAL HEALTH AW3","UPRN",53.8740013,-1.8955242
"616","TAH01","CARE TRUST SITE","NORBURY RESOURCE CENTRE","UPRN",53.4043443,-1.4587763
"617","O5J1J","CARE TRUST SITE","BUSHEY FIELDS CAMHS 3","UPRN",52.5029154,-2.1168468
"618","A0L6P","CARE TRUST SITE","COMM MENTAL HEALTH AW2","UPRN",53.8740013,-1.8955242
"619","TAD84","CARE TRUST SITE","MERCURY QUAYS UNIT 9F","PostCode",53.8360711460428,-1.78025059238954
"620","P5E2C","CARE TRUST SITE","BUSHEY FIELDS HOSPITAL 9","UPRN",52.5029154,-2.1168468
"621","A2C2N","CARE TRUST SITE","OLD AGE PSYCHIATRY (AW7)","PostCode",53.8739846930095,-1.89552118779259
"622","TAD83","CARE TRUST SITE","MERCURY QUAYS UNIT 9B","PostCode",53.8360711460428,-1.78025059238954
"623","Q7P1C","CARE TRUST SITE","BUSHEY FIELDS CAMHS 4","UPRN",52.5029154,-2.1168468
"624","A0L4G","CARE TRUST SITE","COMM MENTAL HEALTH AW1","UPRN",53.8740013,-1.8955242
"625","R0E5X","CARE TRUST SITE","BUSHEY FIELDS HOSPITAL 4","UPRN",52.5029154,-2.1168468
"626","F4L2I","CARE TRUST SITE","OLD AGE PSYCHIATRY (AW2)","PostCode",53.8739846930095,-1.89552118779259
"627","O5C5J","CARE TRUST SITE","BUSHEY FIELDS LD 1","UPRN",52.5029154,-2.1168468
"628","G9A4S","CARE TRUST SITE","OLD AGE PSYCHIATRY (AW4)","PostCode",53.8739846930095,-1.89552118779259
"629","R4P6W","CARE TRUST SITE","BUSHEY FIELDS OOH","UPRN",52.5029154,-2.1168468
"630","E3X1Q","CARE TRUST SITE","OLD AGE PSYCHIATRY (AW5)","PostCode",53.8739846930095,-1.89552118779259
"631","D2V6F","CARE TRUST SITE","BUSHEY FIELDS HOSPITAL 2","UPRN",52.5029154,-2.1168468
"632","L6R5A","CARE TRUST SITE","OLD AGE PSYCHIATRY (AW1)","PostCode",53.8739846930095,-1.89552118779259
"633","TAJ92","CARE TRUST SITE","BUSHEY FIELDS HOSPITAL","UPRN",52.5029154,-2.1168468
"634","G8P5B","CARE TRUST SITE","MERIDIAN HOUSE","PostCode",53.8739846930095,-1.89552118779259
"635","V4V6I","CARE TRUST SITE","BUSHEY FIELDS CAMHS 2","UPRN",52.5029154,-2.1168468
"636","Z3S7K","CARE TRUST SITE","OLD AGE PSYCHIATRY (AW6)","PostCode",53.8739846930095,-1.89552118779259
"637","L9V6R","CARE TRUST SITE","BUSHEY FIELDS CAMHS 1","UPRN",52.5029154,-2.1168468
"638","V5S0W","CARE TRUST SITE","OLD AGE PSYCHIATRY (AW3)","PostCode",53.8739846930095,-1.89552118779259
"639","O0G4Y","CARE TRUST SITE","BUSHEY FIELDS LD 2","UPRN",52.5029154,-2.1168468
"640","M5S0Y","CARE TRUST SITE","PEARTREE WAREHOUSE","PostCode",52.4956297680252,-2.10250177410213
"641","O5Z2E","CARE TRUST SITE","BUSHEY FIELDS HOSPITAL 3","UPRN",52.5029154,-2.1168468
"642","S8X7G","CARE TRUST SITE","BUSHEY FIELDS CAMHS 5","UPRN",52.5029154,-2.1168468
"643","S9C3V","CARE TRUST SITE","BUSHEY FIELDS LD 3","UPRN",52.5029154,-2.1168468
"644","I7C3T","CARE TRUST SITE","BUSHEY FIELDS CRHT 2","UPRN",52.5029154,-2.1168468
"645","K1N3C","CARE TRUST SITE","BUSHEY FIELDS CAMHS 7","UPRN",52.5029154,-2.1168468
"646","TAHCQ","CARE TRUST SITE","CARVER STREET","PostCode",53.3803728940277,-1.47414009741537
"647","TAJND","CARE TRUST SITE","NORTH COMM TMENT TEAM","PostCode",52.50087739441,-2.02237695420285
"648","TAJNG","CARE TRUST SITE","SPOR TEAM","PostCode",52.50087739441,-2.02237695420285
"649","TAF67","CARE TRUST SITE","TRAUMATIC STRESS CLINIC","PostCode",51.5200850407627,-0.136818189743715
